metric,value
Composite Score,2.397266313932981
Confidence,0.7688888888888888
Best Model,llama-3.1-70b
Total Cost,0.0039345
Processing Time,27.71121072769165
